,importance
airflow_direction_to_protected,0.35985531004971943
actuator_fault,0.1964076263265047
sensor_fault,0.18705858139446074
intervention_magnitude_pct,0.04999576542054437
spatial_gradient,0.03394805858673125
hop_distance,0.028430085052053383
intervention_duration_s,0.024774088426803478
initial_hazard_concentration,0.02394381178156667
temporal_gradient,0.016127307521666943
actuator_trust,0.013467560332681674
pressure_diff_pa,0.012952766017941944
blocked_path,0.01289950053267405
oxygen_pct,0.010584011350446112
communication_delay_ms,0.009789179640284378
airflow_speed_mps,0.00952035668564762
door_open,0.0036086157426096633
actuator_type_fan,0.0012906267880788943
protected_zone,0.0010615388818367554
actuator_type_pump,0.0009805345273329706
actuator_type_valve,0.0009305359757656175
source_zone,0.0006892712311617783
actuator_type_damper,0.0005281619598956972
actuator_type_door,0.00046472870460582955
evacuation_route_exposure,0.0004606204972830855
occupancy,0.0002313565717029585
